,ds,trend,yhat_lower,yhat_upper,trend_lower,trend_upper,multiplicative_terms,multiplicative_terms_lower,multiplicative_terms_upper,yearly,yearly_lower,yearly_upper,additive_terms,additive_terms_lower,additive_terms_upper,yhat
0,2002-01-01,359.23142110000003,-1928.1775250207802,2558.1788130814266,359.23142110000003,359.23142110000003,0.04379879660003277,0.04379879660003277,0.04379879660003277,0.04379879660003277,0.04379879660003277,0.04379879660003277,0.0,0.0,0.0,374.9653250450997
1,2002-02-01,376.28819649195344,-1403.9881931650757,3011.050971535585,376.28819649195344,376.28819649195344,1.1515469230192026,1.1515469230192026,1.1515469230192026,1.1515469230192026,1.1515469230192026,1.1515469230192026,0.0,0.0,0.0,809.6017113307075
2,2002-03-01,391.6943162008145,-1882.9671775568952,2784.8021335898216,391.6943162008145,391.6943162008145,0.29802919574841874,0.29802919574841874,0.29802919574841874,0.29802919574841874,0.29802919574841874,0.29802919574841874,0.0,0.0,0.0,508.43065823737004
3,2002-04-01,408.7510915927679,-2053.231921234709,2378.161056187338,408.7510915927679,408.7510915927679,-0.6683121010139844,-0.6683121010139844,-0.6683121010139844,-0.6683121010139844,-0.6683121010139844,-0.6683121010139844,0.0,0.0,0.0,135.5777907786456
4,2002-05-01,425.2576484236905,-2440.060018146812,2395.2039585797597,425.2576484236905,425.2576484236905,-1.1137186541118773,-1.1137186541118773,-1.1137186541118773,-1.1137186541118773,-1.1137186541118773,-1.1137186541118773,0.0,0.0,0.0,-48.35972742952399
5,2002-06-01,442.3144238156439,-2129.773031107704,2562.3279674253067,442.3144238156439,442.3144238156439,-0.27840015733138823,-0.27840015733138823,-0.27840015733138823,-0.27840015733138823,-0.27840015733138823,-0.27840015733138823,0.0,0.0,0.0,319.1740186354263
6,2002-07-01,458.82098064656657,-1983.7104906518744,2777.6519694953413,458.82098064656657,458.82098064656657,-0.15264743659579022,-0.15264743659579022,-0.15264743659579022,-0.15264743659579022,-0.15264743659579022,-0.15264743659579022,0.0,0.0,0.0,388.7831340945015
7,2002-08-01,475.8777560385199,-1824.2571267314602,2748.9807105214622,475.8777560385199,475.8777560385199,0.0648504756631885,0.0648504756631885,0.0648504756631885,0.0648504756631885,0.0648504756631885,0.0648504756631885,0.0,0.0,0.0,506.7386548751487
8,2002-09-01,492.9345299897214,-1500.2707406413679,3374.0734315659406,492.9345299897214,492.9345299897214,0.9923645189959401,0.9923645189959401,0.9923645189959401,0.9923645189959401,0.9923645189959401,0.9923645189959401,0.0,0.0,0.0,982.1052677394612
9,2002-10-01,509.441085426368,-1887.4081793629703,2668.204984231351,509.441085426368,509.441085426368,-0.1706627939814637,-0.1706627939814637,-0.1706627939814637,-0.1706627939814637,-0.1706627939814637,-0.1706627939814637,0.0,0.0,0.0,422.4984464185545
10,2002-11-01,526.4978593775695,-1833.1620610084565,2681.241807602425,526.4978593775695,526.4978593775695,-0.16388910586818226,-0.16388910586818226,-0.16388910586818226,-0.16388910586818226,-0.16388910586818226,-0.16388910586818226,0.0,0.0,0.0,440.2105959626677
11,2002-12-01,543.004414814216,-1748.6910016720446,2636.562455412723,543.004414814216,543.004414814216,-0.09052181554491254,-0.09052181554491254,-0.09052181554491254,-0.09052181554491254,-0.09052181554491254,-0.09052181554491254,0.0,0.0,0.0,493.8506693363304
12,2003-01-01,560.0611887654176,-1622.7983515299563,2825.350378851025,560.0611887654176,560.0611887654176,0.057661456809605084,0.057661456809605084,0.057661456809605084,0.057661456809605084,0.057661456809605084,0.057661456809605084,0.0,0.0,0.0,592.3551328121507
13,2003-02-01,577.1179627166191,-1024.0268555352964,3707.1374826773995,577.1179627166191,577.1179627166191,1.1592343121116706,1.1592343121116706,1.1592343121116706,1.1592343121116706,1.1592343121116706,1.1592343121116706,0.0,0.0,0.0,1246.1329072337078
14,2003-03-01,592.5240811241559,-1500.7196942049363,2899.8635653787323,592.5240811241559,592.5240811241559,0.28920746912545153,0.28920746912545153,0.28920746912545153,0.28920746912545153,0.28920746912545153,0.28920746912545153,0.0,0.0,0.0,763.8864710219568
15,2003-04-01,609.5808550753574,-2230.196862269999,2483.391443211354,609.5808550753574,609.5808550753574,-0.6773400034588549,-0.6773400034588549,-0.6773400034588549,-0.6773400034588549,-0.6773400034588549,-0.6773400034588549,0.0,0.0,0.0,196.68735659016306
16,2003-05-01,626.0874153643596,-2347.024147316682,2284.730229777886,626.0874153643596,626.0874153643596,-1.110755715015971,-1.110755715015971,-1.110755715015971,-1.110755715015971,-1.110755715015971,-1.110755715015971,0.0,0.0,0.0,-69.34275935118089
17,2003-06-01,643.1441943296618,-1754.1400864394857,2644.140221728492,643.1441943296618,643.1441943296618,-0.2699356324031069,-0.2699356324031069,-0.2699356324031069,-0.2699356324031069,-0.2699356324031069,-0.2699356324031069,0.0,0.0,0.0,469.5366595068978
18,2003-07-01,659.6507546186639,-1634.1442955333468,2862.0443481107695,659.6507546186639,659.6507546186639,-0.1488165527715921,-0.1488165527715921,-0.1488165527715921,-0.1488165527715921,-0.1488165527715921,-0.1488165527715921,0.0,0.0,0.0,561.4838032831349
19,2003-08-01,676.7075335839661,-1609.8588244652155,2824.583673771351,676.7075335839661,676.7075335839661,0.06913329017842415,0.06913329017842415,0.06913329017842415,0.06913329017842415,0.06913329017842415,0.06913329017842415,0.0,0.0,0.0,723.4905518691521
20,2003-09-01,693.7643125492683,-947.6097860599193,3655.665564284416,693.7643125492683,693.7643125492683,0.9852676050210443,0.9852676050210443,0.9852676050210443,0.9852676050210443,0.9852676050210443,0.9852676050210443,0.0,0.0,0.0,1377.3078152237572
21,2003-10-01,710.2708728382705,-1718.7844971925633,2900.872312139112,710.2708728382705,710.2708728382705,-0.18412469893843061,-0.18412469893843061,-0.18412469893843061,-0.18412469893843061,-0.18412469893843061,-0.18412469893843061,0.0,0.0,0.0,579.4924622121877
22,2003-11-01,727.3276518035727,-1802.3176453105004,2771.1968390134793,727.3276518035727,727.3276518035727,-0.1670840630428447,-0.1670840630428447,-0.1670840630428447,-0.1670840630428447,-0.1670840630428447,-0.1670840630428447,0.0,0.0,0.0,605.8027925768204
23,2003-12-01,743.8342120481053,-1560.4380297877603,2940.530029058537,743.8342120481053,743.8342120481053,-0.08379794886451378,-0.08379794886451378,-0.08379794886451378,-0.08379794886451378,-0.08379794886451378,-0.08379794886451378,0.0,0.0,0.0,681.5024307832223
24,2004-01-01,760.8909909674558,-1625.461207414322,3321.364389445509,760.8909909674558,760.8909909674558,0.07164094503455698,0.07164094503455698,0.07164094503455698,0.07164094503455698,0.07164094503455698,0.07164094503455698,0.0,0.0,0.0,815.4019406286449
25,2004-02-01,777.9477698868061,-680.2869772148989,4082.924019910615,777.9477698868061,777.9477698868061,1.1660715329537577,1.1660715329537577,1.1660715329537577,1.1660715329537577,1.1660715329537577,1.1660715329537577,0.0,0.0,0.0,1685.0905184766711
26,2004-03-01,793.904111456521,-1211.7862239844033,3339.6185903564497,793.904111456521,793.904111456521,0.31481157774694163,0.31481157774694163,0.31481157774694163,0.31481157774694163,0.31481157774694163,0.31481157774694163,0.0,0.0,0.0,1043.834317363932
27,2004-04-01,810.9608903758714,-1984.4870083138458,2666.925430288332,810.9608903758714,810.9608903758714,-0.6491848302577091,-0.6491848302577091,-0.6491848302577091,-0.6491848302577091,-0.6491848302577091,-0.6491848302577091,0.0,0.0,0.0,284.49738241157064
28,2004-05-01,827.467450620404,-2407.2496791749436,2390.154361794337,827.467450620404,827.467450620404,-1.117551823066125,-1.117551823066125,-1.117551823066125,-1.117551823066125,-1.117551823066125,-1.117551823066125,0.0,0.0,0.0,-97.27030734830724
29,2004-06-01,844.5242295397544,-1589.9708382951815,2959.221394572033,844.5242295397544,844.5242295397544,-0.2951617574708034,-0.2951617574708034,-0.2951617574708034,-0.2951617574708034,-0.2951617574708034,-0.2951617574708034,0.0,0.0,0.0,595.2529737221242
30,2004-07-01,861.030789784287,-1629.6948809882124,3039.470092239832,861.030789784287,861.030789784287,-0.16067003991091922,-0.16067003991091922,-0.16067003991091922,-0.16067003991091922,-0.16067003991091922,-0.16067003991091922,0.0,0.0,0.0,722.6889384251153
31,2004-08-01,878.0875760440276,-1186.9807249160308,3231.769258630513,878.0875760440276,878.0875760440276,0.05551149650105058,0.05551149650105058,0.05551149650105058,0.05551149650105058,0.05551149650105058,0.05551149650105058,0.0,0.0,0.0,926.8315314492116
32,2004-09-01,895.1443623037684,-542.2172543365693,4166.489942394388,895.1443623037684,895.1443623037684,1.0041685257610136,1.0041685257610136,1.0041685257610136,1.0041685257610136,1.0041685257610136,1.0041685257610136,0.0,0.0,0.0,1794.0201569416258
33,2004-10-01,911.6509296519046,-1679.0027719319467,3067.731267033229,911.6509296519046,911.6509296519046,-0.14283415142210076,-0.14283415142210076,-0.14283415142210076,-0.14283415142210076,-0.14283415142210076,-0.14283415142210076,0.0,0.0,0.0,781.4360427219056
34,2004-11-01,928.7077159116453,-1426.780230525414,3167.387638754808,928.7077159116453,928.7077159116453,-0.155988602905337,-0.155988602905337,-0.155988602905337,-0.155988602905337,-0.155988602905337,-0.155988602905337,0.0,0.0,0.0,783.8398967991811
35,2004-12-01,945.2142832597814,-1403.6471640750267,2961.176239784612,945.2142832597814,945.2142832597814,-0.1026845624303993,-0.1026845624303993,-0.1026845624303993,-0.1026845624303993,-0.1026845624303993,-0.1026845624303993,0.0,0.0,0.0,848.1553681802872
36,2005-01-01,962.2710695195223,-1267.578159942746,3296.0852610875468,962.2710695195223,962.2710695195223,0.030082444299897884,0.030082444299897884,0.030082444299897884,0.030082444299897884,0.030082444299897884,0.030082444299897884,0.0,0.0,0.0,991.2185353697465
37,2005-02-01,979.3278557792628,-51.483951333023,4320.782593869224,979.3278557792628,979.3278557792628,1.1430234291984966,1.1430234291984966,1.1430234291984966,1.1430234291984966,1.1430234291984966,1.1430234291984966,0.0,0.0,0.0,2098.7225398016867
38,2005-03-01,994.7339875208501,-1193.4415522172885,3545.995983334194,994.7339875208501,994.7339875208501,0.3065726347679163,0.3065726347679163,0.3065726347679163,0.3065726347679163,0.3065726347679163,0.3065726347679163,0.0,0.0,0.0,1299.6922069683126
39,2005-04-01,1011.7907762347502,-1805.5742798663607,2692.2048255632585,1011.7907762347502,1011.7907762347502,-0.6589189496772871,-0.6589189496772871,-0.6589189496772871,-0.6589189496772871,-0.6589189496772871,-0.6589189496772871,0.0,0.0,0.0,345.1026606649815
40,2005-05-01,1028.2973459578795,-2341.6877645895815,2267.3930826840565,1028.2973459578795,1028.2973459578795,-1.1159856375476107,-1.1159856375476107,-1.1159856375476107,-1.1159856375476107,-1.1159856375476107,-1.1159856375476107,0.0,0.0,0.0,-119.26772325944067
41,2005-06-01,1045.3541346717795,-1485.5935779753227,3014.07690446334,1045.3541346717795,1045.3541346717795,-0.28681517790945593,-0.28681517790945593,-0.28681517790945593,-0.28681517790945593,-0.28681517790945593,-0.28681517790945593,0.0,0.0,0.0,745.5307025575078
42,2005-07-01,1061.8607043949087,-1340.621684832829,3338.9206787816915,1061.8607043949087,1061.8607043949087,-0.15660282181863533,-0.15660282181863533,-0.15660282181863533,-0.15660282181863533,-0.15660282181863533,-0.15660282181863533,0.0,0.0,0.0,895.5703217083422
43,2005-08-01,1078.9174931088087,-1157.4772597492395,3432.292738127363,1078.9174931088087,1078.9174931088087,0.060305901951869134,0.060305901951869134,0.060305901951869134,0.060305901951869134,0.060305901951869134,0.060305901951869134,0.0,0.0,0.0,1143.982585662385
44,2005-09-01,1095.974281822709,-72.36382082252675,4360.393786779481,1095.974281822709,1095.974281822709,0.9986689227119792,0.9986689227119792,0.9986689227119792,0.9986689227119792,0.9986689227119792,0.9986689227119792,0.0,0.0,0.0,2190.489737170629
45,2005-10-01,1112.4808515458378,-1403.0253960919113,3416.2885865756875,1112.4808515458378,1112.4808515458378,-0.15688993046549934,-0.15688993046549934,-0.15688993046549934,-0.15688993046549934,-0.15688993046549934,-0.15688993046549934,0.0,0.0,0.0,937.9438081026118
46,2005-11-01,1129.5376390405975,-1292.3646755358818,3268.701752529603,1129.5376390405975,1129.5376390405975,-0.1601880773696612,-0.1601880773696612,-0.1601880773696612,-0.1601880773696612,-0.1601880773696612,-0.1601880773696612,0.0,0.0,0.0,948.5991763260178
47,2005-12-01,1146.044207583913,-1282.9595030425342,3249.6185469265242,1146.044207583913,1146.044207583913,-0.09682197270168963,-0.09682197270168963,-0.09682197270168963,-0.09682197270168963,-0.09682197270168963,-0.09682197270168963,0.0,0.0,0.0,1035.0819466022938
48,2006-01-01,1163.1009950786727,-1109.8161536755433,3376.3567637253773,1163.1009950786727,1163.1009950786727,0.04379879659999971,0.04379879659999971,0.04379879659999971,0.04379879659999971,0.04379879659999971,0.04379879659999971,0.0,0.0,0.0,1214.0434189873808
49,2006-02-01,1180.157782573432,289.9897967215533,4803.081481868831,1180.157782573432,1180.157782573432,1.1515469230191453,1.1515469230191453,1.1515469230191453,1.1515469230191453,1.1515469230191453,1.1515469230191453,0.0,0.0,0.0,2539.1648457729652
50,2006-03-01,1195.56391321386,-732.4306483025969,4005.2098423498987,1195.56391321386,1195.56391321386,0.2980291957483133,0.2980291957483133,0.2980291957483133,0.2980291957483133,0.2980291957483133,0.2980291957483133,0.0,0.0,0.0,1551.8768647346926
51,2006-04-01,1212.6207007086196,-1931.7000379486346,2708.640767163128,1212.6207007086196,1212.6207007086196,-0.6683121010141212,-0.6683121010141212,-0.6683121010141212,-0.6683121010141212,-0.6683121010141212,-0.6683121010141212,0.0,0.0,0.0,402.21161248482616
52,2006-05-01,1229.1272692519349,-2406.038454810912,2131.184619523938,1229.1272692519349,1229.1272692519349,-1.113718654111928,-1.113718654111928,-1.113718654111928,-1.113718654111928,-1.113718654111928,-1.113718654111928,0.0,0.0,0.0,-139.77469879159932
53,2006-06-01,1246.1840586967578,-1476.24287375597,3117.731706796908,1246.1840586967578,1246.1840586967578,-0.27840015733139384,-0.27840015733139384,-0.27840015733139384,-0.27840015733139384,-0.27840015733139384,-0.27840015733139384,0.0,0.0,0.0,899.2462206917054
54,2006-07-01,1262.6906291272312,-1280.2114887539724,3247.9223737845828,1262.6906291272312,1262.6906291272312,-0.15264743659572688,-0.15264743659572688,-0.15264743659572688,-0.15264743659572688,-0.15264743659572688,-0.15264743659572688,0.0,0.0,0.0,1069.9441413775137
55,2006-08-01,1279.747418572054,-947.8498959909912,3804.3333937774023,1279.747418572054,1279.747418572054,0.0648504756632054,0.0648504756632054,0.0648504756632054,0.0648504756632054,0.0648504756632054,0.0648504756632054,0.0,0.0,0.0,1362.7396473952108
56,2006-09-01,1296.8042080168764,230.6882724101611,5001.750545698892,1296.8042080168764,1296.8042080168764,0.9923645189959489,0.9923645189959489,0.9923645189959489,0.9923645189959489,0.9923645189959489,0.9923645189959489,0.0,0.0,0.0,2583.7066921374662
57,2006-10-01,1313.3107784473498,-1144.2549551288757,3362.8501631333684,1313.3107784473498,1313.3107784473498,-0.17066279398145126,-0.17066279398145126,-0.17066279398145126,-0.17066279398145126,-0.17066279398145126,-0.17066279398145126,0.0,0.0,0.0,1089.1774916315703
58,2006-11-01,1330.3675678921725,-1185.7089656600986,3432.6207344741283,1330.3675678921725,1330.3675678921725,-0.1638891058680844,-0.1638891058680844,-0.1638891058680844,-0.1638891058680844,-0.1638891058680844,-0.1638891058680844,0.0,0.0,0.0,1112.3348167144263
59,2006-12-01,1346.8741383226459,-1011.4011801844748,3525.7081927819236,1346.8741383226459,1346.8741383226459,-0.09052181554481548,-0.09052181554481548,-0.09052181554481548,-0.09052181554481548,-0.09052181554481548,-0.09052181554481548,0.0,0.0,0.0,1224.952646011321
60,2007-01-01,1363.9309277674688,-744.1076602617039,3772.101908651371,1363.9309277674688,1363.9309277674688,0.05766145680956515,0.05766145680956515,0.05766145680956515,0.05766145680956515,0.05766145680956515,0.05766145680956515,0.0,0.0,0.0,1442.577172050163
61,2007-02-01,1380.987717610158,683.662612940133,5210.161351060016,1380.987717610158,1380.987717610158,1.1592343121115782,1.1592343121115782,1.1592343121115782,1.1592343121115782,1.1592343121115782,1.1592343121115782,0.0,0.0,0.0,2981.8760644685076
62,2007-03-01,1396.3938503712966,-486.78049828322935,4113.300332053948,1396.3938503712966,1396.3938503712966,0.2892074691254488,0.2892074691254488,0.2892074691254488,0.2892074691254488,0.2892074691254488,0.2892074691254488,0.0,0.0,0.0,1800.2413817395202
63,2007-04-01,1413.4506402139857,-1642.1283722323344,2771.4513691957163,1413.4506402139857,1413.4506402139857,-0.6773400034589644,-0.6773400034589644,-0.6773400034589644,-0.6773400034589644,-0.6773400034589644,-0.6773400034589644,0.0,0.0,0.0,456.06397868236917
64,2007-05-01,1429.9572110294916,-2408.890231137155,2212.141692827301,1429.9572110294916,1429.9572110294916,-1.1107557150159586,-1.1107557150159586,-1.1107557150159586,-1.1107557150159586,-1.1107557150159586,-1.1107557150159586,0.0,0.0,0.0,-158.37593334979735
65,2007-06-01,1447.0140008721812,-1375.1021948264454,3349.1153118727484,1447.0140008721812,1447.0140008721812,-0.26993563240297963,-0.26993563240297963,-0.26993563240297963,-0.26993563240297963,-0.26993563240297963,-0.26993563240297963,0.0,0.0,0.0,1056.4133614507834
66,2007-07-01,1463.5205716876867,-997.3400134190881,3440.1335889575344,1463.5205716876867,1463.5205716876867,-0.14881655277147504,-0.14881655277147504,-0.14881655277147504,-0.14881655277147504,-0.14881655277147504,-0.14881655277147504,0.0,0.0,0.0,1245.7244852989866
67,2007-08-01,1480.577361530376,-540.6882465684976,3740.3763569019993,1480.577361530376,1480.577361530376,0.06913329017844205,0.06913329017844205,0.06913329017844205,0.06913329017844205,0.06913329017844205,0.06913329017844205,0.0,0.0,0.0,1582.9345458966877
68,2007-09-01,1497.6341539836878,495.1696719476603,5245.007725032343,1497.6341539836878,1497.6341539836878,0.9852676050209549,0.9852676050209549,0.9852676050209549,0.9852676050209549,0.9852676050209549,0.9852676050209549,0.0,0.0,0.0,2973.20457007678
69,2007-10-01,1514.1407273256023,-1033.15670474158,3578.0969219655885,1514.1407273256023,1514.1407273256023,-0.18412469893853597,-0.18412469893853597,-0.18412469893853597,-0.18412469893853597,-0.18412469893853597,-0.18412469893853597,0.0,0.0,0.0,1235.3500217561998
70,2007-11-01,1531.197519778914,-985.8670716445918,3654.8062464961085,1531.197519778914,1531.197519778914,-0.16708406304283802,-0.16708406304283802,-0.16708406304283802,-0.16708406304283802,-0.16708406304283802,-0.16708406304283802,0.0,0.0,0.0,1275.3588168531367
71,2007-12-01,1547.7040931208287,-896.2336844501868,3731.7690364022847,1547.7040931208287,1547.7040931208287,-0.08379794886446004,-0.08379794886446004,-0.08379794886446004,-0.08379794886446004,-0.08379794886446004,-0.08379794886446004,0.0,0.0,0.0,1418.009664668174
72,2008-01-01,1564.7608855741407,-625.1807754948234,4007.0269405980193,1564.7608855741407,1564.7608855741407,0.07164094503467883,0.07164094503467883,0.07164094503467883,0.07164094503467883,0.07164094503467883,0.07164094503467883,0.0,0.0,0.0,1676.8618341699732
73,2008-02-01,1581.8176780274525,1224.9061844845144,5588.189547620034,1581.8176780274525,1581.8176780274525,1.1660715329537452,1.1660715329537452,1.1660715329537452,1.1660715329537452,1.1660715329537452,1.1660715329537452,0.0,0.0,0.0,3426.3302426982577
74,2008-03-01,1597.7740322579698,-273.5518028895703,4368.883876732558,1597.7740322579698,1597.7740322579698,0.31481157774693125,0.31481157774693125,0.31481157774693125,0.31481157774693125,0.31481157774693125,0.31481157774693125,0.0,0.0,0.0,2100.7717962361776
75,2008-04-01,1614.8308247112818,-1843.8360718010151,3007.254038946043,1614.8308247112818,1614.8308247112818,-0.6491848302578289,-0.6491848302578289,-0.6491848302578289,-0.6491848302578289,-0.6491848302578289,-0.6491848302578289,0.0,0.0,0.0,566.5071498759785
76,2008-05-01,1631.337512786346,-2552.0329822667018,2014.7123790458265,1631.337512786346,1631.337512786346,-1.117551823066145,-1.117551823066145,-1.117551823066145,-1.117551823066145,-1.117551823066145,-1.117551823066145,0.0,0.0,0.0,-191.76669866422557
77,2008-06-01,1648.394423797246,-1067.960124934359,3478.699024161565,1648.394423797246,1648.394423797246,-0.2951617574708123,-0.2951617574708123,-0.2951617574708123,-0.2951617574708123,-0.2951617574708123,-0.2951617574708123,0.0,0.0,0.0,1161.851428664164
78,2008-07-01,1664.9011118723106,-810.9278877290279,3820.785255561242,1664.9011118723106,1664.9011118723106,-0.16067003991080572,-0.16067003991080572,-0.16067003991080572,-0.16067003991080572,-0.16067003991080572,-0.16067003991080572,0.0,0.0,0.0,1397.4013837802415
79,2008-08-01,1681.9580228832103,-369.5599639635035,3962.831253055872,1681.9580228832103,1681.9580228832103,0.05551149650107917,0.05551149650107917,0.05551149650107917,0.05551149650107917,0.05551149650107917,0.05551149650107917,0.0,0.0,0.0,1775.3260297854538
80,2008-09-01,1699.0149338941103,977.233642536438,5830.387633409153,1699.0149338941103,1699.0149338941103,1.004168525761035,1.004168525761035,1.004168525761035,1.004168525761035,1.004168525761035,1.004168525761035,0.0,0.0,0.0,3405.1122553085415
81,2008-10-01,1715.5216219691747,-777.4019192505644,3686.3238462714676,1715.5216219691747,1715.5216219691747,-0.14283415142220934,-0.14283415142220934,-0.14283415142220934,-0.14283415142220934,-0.14283415142220934,-0.14283415142220934,0.0,0.0,0.0,1470.4865468487553
82,2008-11-01,1732.5785329800742,-847.6501779163407,3730.1895246354215,1732.5785329800742,1732.5785329800742,-0.15598860290532343,-0.15598860290532343,-0.15598860290532343,-0.15598860290532343,-0.15598860290532343,-0.15598860290532343,0.0,0.0,0.0,1462.3160281967575
83,2008-12-01,1749.0852402007788,-822.3143842885063,3916.6895756207437,1749.0852402007788,1749.0852402007788,-0.1026845624304435,-0.1026845624304435,-0.1026845624304435,-0.1026845624304435,-0.1026845624304435,-0.1026845624304435,0.0,0.0,0.0,1569.4811876572146
84,2009-01-01,1766.1421709955066,-516.0532732566068,3982.056545079802,1766.1421709955066,1766.1421709955066,0.030082444299767797,0.030082444299767797,0.030082444299767797,0.030082444299767797,0.030082444299767797,0.030082444299767797,0.0,0.0,0.0,1819.27204447995
85,2009-02-01,1783.199101790235,1446.7181634789774,6035.342235571477,1783.199101790235,1783.199101790235,1.1430234291984074,1.1430234291984074,1.1430234291984074,1.1430234291984074,1.1430234291984074,1.1430234291984074,0.0,0.0,0.0,3821.4374540620297
86,2009-03-01,1798.6053618628928,-14.190175750983906,4675.903922251454,1798.6053618628928,1798.6053618628928,0.30657263476797236,0.30657263476797236,0.30657263476797236,0.30657263476797236,0.30657263476797236,0.30657263476797236,0.0,0.0,0.0,2350.0085465570023
87,2009-04-01,1815.6622926576206,-1740.2039038424248,2729.341969763968,1815.6622926576206,1815.6622926576206,-0.6589189496774221,-0.6589189496774221,-0.6589189496774221,-0.6589189496774221,-0.6589189496774221,-0.6589189496774221,0.0,0.0,0.0,619.288001810761
88,2009-05-01,1832.1689998783254,-2481.1164019376615,2106.940614334757,1832.1689998783254,1832.1689998783254,-1.1159856375476371,-1.1159856375476371,-1.1159856375476371,-1.1159856375476371,-1.1159856375476371,-1.1159856375476371,0.0,0.0,0.0,-212.50528954590428
89,2009-06-01,1849.2259306730532,-1060.534054696732,3679.5056164529433,1849.2259306730532,1849.2259306730532,-0.2868151779094129,-0.2868151779094129,-0.2868151779094129,-0.2868151779094129,-0.2868151779094129,-0.2868151779094129,0.0,0.0,0.0,1318.8398663723617
90,2009-07-01,1865.7326378937576,-957.0335070749434,3796.435203277144,1865.7326378937576,1865.7326378937576,-0.15660282181872076,-0.15660282181872076,-0.15660282181872076,-0.15660282181872076,-0.15660282181872076,-0.15660282181872076,0.0,0.0,0.0,1573.5536420403096
91,2009-08-01,1882.789568484795,-394.4839758014628,4151.617935469933,1882.789568484795,1882.789568484795,0.06030590195188282,0.06030590195188282,0.06030590195188282,0.06030590195188282,0.06030590195188282,0.06030590195188282,0.0,0.0,0.0,1996.3328915978666
92,2009-09-01,1899.8464990758323,1546.7143279376962,6146.5430621020505,1899.8464990758323,1899.8464990758323,0.9986689227119048,0.9986689227119048,0.9986689227119048,0.9986689227119048,0.9986689227119048,0.9986689227119048,0.0,0.0,0.0,3797.1641556258774
93,2009-10-01,1916.3532060994169,-750.4782555449885,3743.0334393131297,1916.3532060994169,1916.3532060994169,-0.15688993046561928,-0.15688993046561928,-0.15688993046561928,-0.15688993046561928,-0.15688993046561928,-0.15688993046561928,0.0,0.0,0.0,1615.6966848469128
94,2009-11-01,1933.4101366904542,-506.40626624598394,4086.410188845272,1933.4101366904542,1933.4101366904542,-0.16018807736974727,-0.16018807736974727,-0.16018807736974727,-0.16018807736974727,-0.16018807736974727,-0.16018807736974727,0.0,0.0,0.0,1623.70088412683
95,2009-12-01,1949.9168437140386,-408.50965173395235,3930.023850906881,1949.9168437140386,1949.9168437140386,-0.09682197270175741,-0.09682197270175741,-0.09682197270175741,-0.09682197270175741,-0.09682197270175741,-0.09682197270175741,0.0,0.0,0.0,1761.122048301261
96,2010-01-01,1966.973774305076,-244.6441666163864,4528.939468961912,1966.973774305076,1966.973774305076,0.04379879659999594,0.04379879659999594,0.04379879659999594,0.04379879659999594,0.04379879659999594,0.04379879659999594,0.0,0.0,0.0,2053.1248585633903
97,2010-02-01,1984.030704896113,1995.9101905564773,6743.1271820957345,1984.030704896113,1984.030704896113,1.1515469230191273,1.1515469230191273,1.1515469230191273,1.1515469230191273,1.1515469230191273,1.1515469230191273,0.0,0.0,0.0,4268.735158294703
98,2010-03-01,1999.4369647288152,341.3111331969991,4816.048917305547,1999.4369647288152,1999.4369647288152,0.2980291957484593,0.2980291957484593,0.2980291957484593,0.2980291957484593,0.2980291957484593,0.2980291957484593,0.0,0.0,0.0,2595.3275552766845
99,2010-04-01,2016.4938952578784,-1587.8044529668082,2976.9363074496223,2016.4938952578784,2016.4938952578784,-0.6683121010140706,-0.6683121010140706,-0.6683121010140706,-0.6683121010140706,-0.6683121010140706,-0.6683121010140706,0.0,0.0,0.0,668.8466234360385
100,2010-05-01,2033.0006022214877,-2441.634295067276,2080.6071201223485,2033.0006022214877,2033.0006022214877,-1.1137186541118624,-1.1137186541118624,-1.1137186541118624,-1.1137186541118624,-1.1137186541118624,-1.1137186541118624,0.0,0.0,0.0,-231.1900922932334
101,2010-06-01,2050.0575327505508,-792.5024204168,3849.833178636893,2050.0575327505508,2050.0575327505508,-0.27840015733131585,-0.27840015733131585,-0.27840015733131585,-0.27840015733131585,-0.27840015733131585,-0.27840015733131585,0.0,0.0,0.0,1479.3211930945483
102,2010-07-01,2066.5642397141605,-441.7253361628364,4116.680267393285,2066.5642397141605,2066.5642397141605,-0.15264743659579363,-0.15264743659579363,-0.15264743659579363,-0.15264743659579363,-0.15264743659579363,-0.15264743659579363,0.0,0.0,0.0,1751.1085059612587
103,2010-08-01,2083.6211702432233,6.660623365867506,4531.2582617942335,2083.6211702432233,2083.6211702432233,0.06485047566322003,0.06485047566322003,0.06485047566322003,0.06485047566322003,0.06485047566322003,0.06485047566322003,0.0,0.0,0.0,2218.7449942354515
104,2010-09-01,2100.678100772286,1837.578295922023,6464.628735211307,2100.678100772286,2100.678100772286,0.9923645189960022,0.9923645189960022,0.9923645189960022,0.9923645189960022,0.9923645189960022,0.9923645189960022,0.0,0.0,0.0,4185.3165138106115
105,2010-10-01,2117.184807735896,-365.6385087038947,4134.982104561188,2117.184807735896,2117.184807735896,-0.17066279398145995,-0.17066279398145995,-0.17066279398145995,-0.17066279398145995,-0.17066279398145995,-0.17066279398145995,0.0,0.0,0.0,1755.8601330725876
106,2010-11-01,2134.241738281619,-386.46378343476624,4107.044844098061,2134.241738281619,2134.241738281619,-0.1638891058681549,-0.1638891058681549,-0.1638891058681549,-0.1638891058681549,-0.1638891058681549,-0.1638891058681549,0.0,0.0,0.0,1784.4627680881476
107,2010-12-01,2150.7484452613508,-465.10662245084427,4090.0378945451625,2150.7484452613508,2150.7484452613508,-0.09052181554482758,-0.09052181554482758,-0.09052181554482758,-0.09052181554482758,-0.09052181554482758,-0.09052181554482758,0.0,0.0,0.0,1956.0587912160781
108,2011-01-01,2167.805375807074,112.09071431791496,4601.386329814815,2167.805375807074,2167.805375807074,0.05766145680956869,0.05766145680956869,0.05766145680956869,0.05766145680956869,0.05766145680956869,0.05766145680956869,0.0,0.0,0.0,2292.8041918557246
109,2011-02-01,2184.8623063527966,2391.3431319283172,6978.986403391346,2184.8623063527966,2184.8623063527966,1.1592343121115776,1.1592343121115776,1.1592343121115776,1.1592343121115776,1.1592343121115776,1.1592343121115776,0.0,0.0,0.0,4717.629659116195
110,2011-03-01,2200.2685662005465,543.2733611524961,5074.989300028233,2200.2685662005465,2200.2685662005465,0.28920746912548434,0.28920746912548434,0.28920746912548434,0.28920746912548434,0.28920746912548434,0.28920746912548434,0.0,0.0,0.0,2836.602669627765
111,2011-04-01,2217.3254967462694,-1405.16512295469,3089.730587462998,2217.3254967462694,2217.3254967462694,-0.6773400034588255,-0.6773400034588255,-0.6773400034588255,-0.6773400034588255,-0.6773400034588255,-0.6773400034588255,0.0,0.0,0.0,715.4422371108093
112,2011-05-01,2233.8322037260014,-2514.1899485851372,1949.0418461859929,2233.8322037260014,2233.8322037260014,-1.1107557150160305,-1.1107557150160305,-1.1107557150160305,-1.1107557150160305,-1.1107557150160305,-1.1107557150160305,0.0,0.0,0.0,-247.4096829495085
113,2011-06-01,2250.8891355359056,-779.8214283928519,3870.6776450861003,2250.8891355359056,2250.8891355359056,-0.2699356324030556,-0.2699356324030556,-0.2699356324030556,-0.2699356324030556,-0.2699356324030556,-0.2699356324030556,0.0,0.0,0.0,1643.2939532658536
114,2011-07-01,2267.395843739039,-417.3056893459187,4112.3908140789235,2267.395843739039,2267.395843739039,-0.14881655277158273,-0.14881655277158273,-0.14881655277158273,-0.14881655277158273,-0.14881655277158273,-0.14881655277158273,0.0,0.0,0.0,1929.9698105051807
115,2011-08-01,2284.4527755489426,58.547173964237174,4634.783249010504,2284.4527755489426,2284.4527755489426,0.06913329017840997,0.06913329017840997,0.06913329017840997,0.06913329017840997,0.06913329017840997,0.06913329017840997,0.0,0.0,0.0,2442.3845121798417
116,2011-09-01,2301.5097073588468,2244.672326435942,6857.678779629272,2301.5097073588468,2301.5097073588468,0.9852676050208949,0.9852676050208949,0.9852676050208949,0.9852676050208949,0.9852676050208949,0.9852676050208949,0.0,0.0,0.0,4569.112664660639
117,2011-10-01,2318.0164155619796,-442.7609884879123,4104.585761331042,2318.0164155619796,2318.0164155619796,-0.18412469893839628,-0.18412469893839628,-0.18412469893839628,-0.18412469893839628,-0.18412469893839628,-0.18412469893839628,0.0,0.0,0.0,1891.2123409123697
118,2011-11-01,2335.0733473718838,-231.62687317440438,4406.676477616371,2335.0733473718838,2335.0733473718838,-0.16708406304282347,-0.16708406304282347,-0.16708406304282347,-0.16708406304282347,-0.16708406304282347,-0.16708406304282347,0.0,0.0,0.0,1944.9198049899833
119,2011-12-01,2351.580055575017,-135.55082626822085,4536.2790903892255,2351.580055575017,2351.580055575017,-0.08379794886450698,-0.08379794886450698,-0.08379794886450698,-0.08379794886450698,-0.08379794886450698,-0.08379794886450698,0.0,0.0,0.0,2154.5224703271474
120,2012-01-01,2368.6369873849208,321.6797646907979,4880.225764964034,2368.6369873849208,2368.6369873849208,0.07164094503466834,0.07164094503466834,0.07164094503466834,0.07164094503466834,0.07164094503466834,0.07164094503466834,0.0,0.0,0.0,2538.328379605246
121,2012-02-01,2385.693927117395,2626.8991872132433,7417.877511279334,2385.693927117395,2385.693927117395,1.1660715329537226,1.1660715329537226,1.1660715329537226,1.1660715329537226,1.1660715329537226,1.1660715329537226,0.0,0.0,0.0,5167.583701869563
122,2012-03-01,2401.650419125194,835.1002478545803,5424.914044387237,2401.650419125194,2401.650419125194,0.3148115777470606,0.3148115777470606,0.3148115777470606,0.3148115777470606,0.3148115777470606,0.3148115777470606,0.0,0.0,0.0,3157.7177767668854
123,2012-04-01,2418.707358857668,-1478.617833243388,2923.8674417055267,2418.707358857668,2418.707358857668,-0.6491848302578388,-0.6491848302578388,-0.6491848302578388,-0.6491848302578388,-0.6491848302578388,-0.6491848302578388,0.0,0.0,0.0,848.5192326542673
124,2012-05-01,2435.2140747278045,-2598.5642110207177,1967.5484772563916,2435.2140747278045,2435.2140747278045,-1.1175518230661525,-1.1175518230661525,-1.1175518230661525,-1.1175518230661525,-1.1175518230661525,-1.1175518230661525,0.0,0.0,0.0,-286.2638540406072
125,2012-06-01,2452.2710144602793,-567.3691837164088,4164.349091542787,2452.2710144602793,2452.2710144602793,-0.2951617574708423,-0.2951617574708423,-0.2951617574708423,-0.2951617574708423,-0.2951617574708423,-0.2951617574708423,0.0,0.0,0.0,1728.454392037378
126,2012-07-01,2468.7777303304156,-412.60565082012147,4415.147139215652,2468.7777303304156,2468.7777303304156,-0.1606700399107483,-0.1606700399107483,-0.1606700399107483,-0.1606700399107483,-0.1606700399107483,-0.1606700399107483,0.0,0.0,0.0,2072.119113867461
127,2012-08-01,2485.834670062891,450.5676124983247,4827.129568662384,2485.834670062891,2485.834670062891,0.05551149650108822,0.05551149650108822,0.05551149650108822,0.05551149650108822,0.05551149650108822,0.05551149650108822,0.0,0.0,0.0,2623.827072652371
128,2012-09-01,2502.8916122227306,2738.971629218716,7197.955724317073,2502.8916122227306,2502.8916122227306,1.0041685257610067,1.0041685257610067,1.0041685257610067,1.0041685257610067,1.0041685257610067,1.0041685257610067,0.0,0.0,0.0,5016.216592608019
129,2012-10-01,2519.3983304419303,-134.34977001253128,4389.7645385788755,2519.3983304419303,2519.3983304419303,-0.1428341514222218,-0.1428341514222218,-0.1428341514222218,-0.1428341514222218,-0.1428341514222218,-0.1428341514222218,0.0,0.0,0.0,2159.542207818695
130,2012-11-01,2536.45527260177,-178.73515961091834,4320.007123215843,2536.45527260177,2536.45527260177,-0.15598860290525374,-0.15598860290525374,-0.15598860290525374,-0.15598860290525374,-0.15598860290525374,-0.15598860290525374,0.0,0.0,0.0,2140.7971582969553
131,2012-12-01,2552.96199082097,-9.399295034578568,4580.094621858407,2552.96199082097,2552.96199082097,-0.10268456243032431,-0.10268456243032431,-0.10268456243032431,-0.10268456243032431,-0.10268456243032431,-0.10268456243032431,0.0,0.0,0.0,2290.812205892269
132,2013-01-01,2570.01893298081,349.50445139064664,5030.698164525996,2570.01893298081,2570.01893298081,0.03008244429986863,0.03008244429986863,0.03008244429986863,0.03008244429986863,0.03008244429986863,0.03008244429986863,0.0,0.0,0.0,2647.3313843818128
133,2013-02-01,2587.0758751406506,3296.7620522875195,7992.056906333574,2587.0758751406506,2587.0758751406506,1.143023429198488,1.143023429198488,1.143023429198488,1.143023429198488,1.143023429198488,1.143023429198488,0.0,0.0,0.0,5544.1642135405955
134,2013-03-01,2602.4821454785706,1121.9072410918004,5756.543272359769,2602.4821454785706,2602.4821454785706,0.30657263476793206,0.30657263476793206,0.30657263476793206,0.30657263476793206,0.30657263476793206,0.30657263476793206,0.0,0.0,0.0,3400.3319537544367
135,2013-04-01,2619.53908763841,-1224.4057116241634,3376.0298778432575,2619.53908763841,2619.53908763841,-0.6589189496774301,-0.6589189496774301,-0.6589189496774301,-0.6589189496774301,-0.6589189496774301,-0.6589189496774301,0.0,0.0,0.0,893.4751433727353
136,2013-05-01,2636.04581953422,-2453.8558309718314,2143.592275085542,2636.04581953422,2636.04581953422,-1.1159856375476518,-1.1159856375476518,-1.1159856375476518,-1.1159856375476518,-1.1159856375476518,-1.1159856375476518,0.0,0.0,0.0,-305.74345498349874
137,2013-06-01,2653.1027758265564,-348.39248463808,4186.141627634963,2653.1027758265564,2653.1027758265564,-0.2868151779094073,-0.2868151779094073,-0.2868151779094073,-0.2868151779094073,-0.2868151779094073,-0.2868151779094073,0.0,0.0,0.0,1892.1526311659204
138,2013-07-01,2669.609507722366,-16.906917769804704,4463.081595101784,2669.609507722366,2669.609507722366,-0.1566028218186995,-0.1566028218186995,-0.1566028218186995,-0.1566028218186995,-0.1566028218186995,-0.1566028218186995,0.0,0.0,0.0,2251.541125659014
139,2013-08-01,2686.666464014703,370.8704771920021,5016.968547910571,2686.666464014703,2686.666464014703,0.060305901951852564,0.060305901951852564,0.060305901951852564,0.060305901951852564,0.060305901951852564,0.060305901951852564,0.0,0.0,0.0,2848.688308370904
140,2013-09-01,2703.723420307039,3269.8647904910413,7882.610730363583,2703.723420307039,2703.723420307039,0.9986689227119336,0.9986689227119336,0.9986689227119336,0.9986689227119336,0.9986689227119336,0.9986689227119336,0.0,0.0,0.0,5403.847975776094
141,2013-10-01,2720.2301522028492,15.495943386556652,4540.402025331623,2720.2301522028492,2720.2301522028492,-0.15688993046546587,-0.15688993046546587,-0.15688993046546587,-0.15688993046546587,-0.15688993046546587,-0.15688993046546587,0.0,0.0,0.0,2293.4534327736806
142,2013-11-01,2737.2871084951853,1.3240168466645508,4697.6939062288475,2737.2871084951853,2737.2871084951853,-0.16018807736972832,-0.16018807736972832,-0.16018807736972832,-0.16018807736972832,-0.16018807736972832,-0.16018807736972832,0.0,0.0,0.0,2298.806349376399
143,2013-12-01,2753.7938442876957,89.14418429902463,4768.496479058807,2753.7938442876957,2753.7938442876957,-0.0968219727017599,-0.0968219727017599,-0.0968219727017599,-0.0968219727017599,-0.0968219727017599,-0.0968219727017599,0.0,0.0,0.0,2487.166091869798
144,2014-01-01,2770.850804606624,606.6699202955473,5217.582346954006,2770.850804606624,2770.850804606624,0.04379879660009706,0.04379879660009706,0.04379879660009706,0.04379879660009706,0.04379879660009706,0.04379879660009706,0.0,0.0,0.0,2892.210735406805
145,2014-02-01,2787.9077649255514,3742.977012304067,8463.725577290747,2787.9077649255514,2787.9077649255514,1.1515469230192086,1.1515469230192086,1.1515469230192086,1.1515469230192086,1.1515469230192086,1.1515469230192086,0.0,0.0,0.0,5998.3143732869285
146,2014-03-01,2803.3140516652284,1437.0556916258802,5961.672320732521,2803.3140516652284,2803.3140516652284,0.29802919574833686,0.29802919574833686,0.29802919574833686,0.29802919574833686,0.29802919574833686,0.29802919574833686,0.0,0.0,0.0,3638.783483913028
147,2014-04-01,2820.3710119841567,-1279.7110148933382,3186.0860244331384,2820.3710119841567,2820.3710119841567,-0.6683121010139247,-0.6683121010139247,-0.6683121010139247,-0.6683121010139247,-0.6683121010139247,-0.6683121010139247,0.0,0.0,0.0,935.482935326256
148,2014-05-01,2836.877747776667,-2632.895076835583,1882.480769749817,2836.877747776667,2836.877747776667,-1.1137186541118886,-1.1137186541118886,-1.1137186541118886,-1.1137186541118886,-1.1137186541118886,-1.1137186541118886,0.0,0.0,0.0,-322.60591935712847
149,2014-06-01,2853.9347080955945,-170.3354340179556,4493.92159664485,2853.9347080955945,2853.9347080955945,-0.27840015733138246,-0.27840015733138246,-0.27840015733138246,-0.27840015733138246,-0.27840015733138246,-0.27840015733138246,0.0,0.0,0.0,2059.398836348288
150,2014-07-01,2870.441443888106,78.68127990623893,4761.569089082645,2870.441443888106,2870.441443888106,-0.1526474365957476,-0.1526474365957476,-0.1526474365957476,-0.1526474365957476,-0.1526474365957476,-0.1526474365957476,0.0,0.0,0.0,2432.27591558039
151,2014-08-01,2887.4984064792284,851.7210352608382,5346.353132918149,2887.4984064792284,2887.4984064792284,0.06485047566321192,0.06485047566321192,0.06485047566321192,0.06485047566321192,0.06485047566321192,0.06485047566321192,0.0,0.0,0.0,3074.754051616173
152,2014-09-01,2904.555369070352,3407.474597380665,8101.5650820559795,2904.555369070352,2904.555369070352,0.9923645189959965,0.9923645189959965,0.9923645189959965,0.9923645189959965,0.9923645189959965,0.9923645189959965,0.0,0.0,0.0,5786.9330607950915
153,2014-10-01,2921.0621070617613,173.3921184416877,4737.514590324939,2921.0621070617613,2921.0621070617613,-0.17066279398144113,-0.17066279398144113,-0.17066279398144113,-0.17066279398144113,-0.17066279398144113,-0.17066279398144113,0.0,0.0,0.0,2422.5454864772855
154,2014-11-01,2938.1190696528847,77.50684787182499,4714.343823566715,2938.1190696528847,2938.1190696528847,-0.163889105868192,-0.163889105868192,-0.163889105868192,-0.163889105868192,-0.163889105868192,-0.163889105868192,0.0,0.0,0.0,2456.5933623931896
155,2014-12-01,2954.625807644294,582.3861449491311,5023.67217082689,2954.625807644294,2954.625807644294,-0.0905218155448233,-0.0905218155448233,-0.0905218155448233,-0.0905218155448233,-0.0905218155448233,-0.0905218155448233,0.0,0.0,0.0,2687.167715280743
156,2015-01-01,2971.6827702354176,994.8730990479803,5479.144236422229,2971.6827702354176,2971.6827702354176,0.057661456809579306,0.057661456809579306,0.057661456809579306,0.057661456809579306,0.057661456809579306,0.057661456809579306,0.0,0.0,0.0,3143.034327943118
157,2015-02-01,2988.73973282654,4167.918053274393,8704.427735430145,2988.73973282654,2988.73973282654,1.1592343121116393,1.1592343121116393,1.1592343121116393,1.1592343121116393,1.1592343121116393,1.1592343121116393,0.0,0.0,0.0,6453.389381090439
158,2015-03-01,3004.987651627336,1499.7705892749414,6246.041500007303,3004.987651627336,3004.987651627336,0.28920746912550277,0.28920746912550277,0.28920746912550277,0.28920746912550277,0.28920746912550277,0.28920746912550277,0.0,0.0,0.0,3874.0525251078657
159,2015-04-01,3022.9764188710747,-1472.353334905737,3244.4310353402566,3022.9764188710747,3022.9764188710747,-0.6773400034589341,-0.6773400034589341,-0.6773400034589341,-0.6773400034589341,-0.6773400034589341,-0.6773400034589341,0.0,0.0,0.0,975.3935608566647
160,2015-05-01,3040.384903300498,-2637.702856901538,1860.9418706152103,3040.384903300498,3040.384903300498,-1.1107557150159808,-1.1107557150159808,-1.1107557150159808,-1.1107557150159808,-1.1107557150159808,-1.1107557150159808,0.0,0.0,0.0,-336.7400038888403
161,2015-06-01,3058.373670544236,-229.27225853223885,4425.613911507384,3058.373670544236,3058.373670544236,-0.2699356324030414,-0.2699356324030414,-0.2699356324030414,-0.2699356324030414,-0.2699356324030414,-0.2699356324030414,0.0,0.0,0.0,2232.8096396610667
162,2015-07-01,3075.78215497366,328.3802365539511,4877.723527264456,3075.78215497366,3075.78215497366,-0.14881655277148292,-0.14881655277148292,-0.14881655277148292,-0.14881655277148292,-0.14881655277148292,-0.14881655277148292,0.0,0.0,0.0,2618.054857594437
163,2015-08-01,3093.770922217398,1012.1389809529019,5598.333523646303,3093.770922217398,3093.770922217398,0.0691332901784229,0.0691332901784229,0.0691332901784229,0.0691332901784229,0.0691332901784229,0.0691332901784229,0.0,0.0,0.0,3307.6534851286206
164,2015-09-01,3111.759689461136,3846.8959207761686,8457.424548725647,3111.759689461136,3111.759689461136,0.9852676050209894,0.9852676050209894,0.9852676050209894,0.9852676050209894,0.9852676050209894,0.9852676050209894,0.0,0.0,0.0,6177.675706097368
165,2015-10-01,3129.16817389056,295.484542768489,4907.138187265932,3129.16817389056,3129.16817389056,-0.18412469893851213,-0.18412469893851213,-0.18412469893851213,-0.18412469893851213,-0.18412469893851213,-0.18412469893851213,0.0,0.0,0.0,2553.0110259449866
166,2015-11-01,3147.2949347815147,272.66264867158407,4808.169094012338,3147.2949347815147,3147.2949347815147,-0.16708406304282403,-0.16708406304282403,-0.16708406304282403,-0.16708406304282403,-0.16708406304282403,-0.16708406304282403,0.0,0.0,0.0,2621.4321094841193
167,2015-12-01,3164.8369614501803,725.2003432726943,5169.820073585215,3164.8369614501803,3164.8369614501803,-0.08379794886445024,-0.08379794886445024,-0.08379794886445024,-0.08379794886445024,-0.08379794886445024,-0.08379794886445024,0.0,0.0,0.0,2899.630115590256
168,2016-01-01,3182.9637223411346,1211.9912639363856,5637.017152469659,3182.9637223411346,3182.9637223411346,0.07164094503460756,0.07164094503460756,0.07164094503460756,0.07164094503460756,0.07164094503460756,0.07164094503460756,0.0,0.0,0.0,3410.994251420526
169,2016-02-01,3201.0904832320894,4666.5649780428985,9265.943863541846,3201.0904832320894,3201.0904832320894,1.1660715329538096,1.1660715329538096,1.1660715329538096,1.1660715329538096,1.1660715329538096,1.1660715329538096,0.0,0.0,0.0,6933.790970138383
170,2016-03-01,3218.0477756784658,1886.411954225829,6417.726764074894,3218.0477756784658,3218.0477756784658,0.3148115777469649,0.3148115777469649,0.3148115777469649,0.3148115777469649,0.3148115777469649,0.3148115777469649,0.0,0.0,0.0,4231.126473204915
171,2016-04-01,3236.17453656942,-1260.181061830412,3583.094765422466,3236.17453656942,3236.17453656942,-0.6491848302577812,-0.6491848302577812,-0.6491848302577812,-0.6491848302577812,-0.6491848302577812,-0.6491848302577812,0.0,0.0,0.0,1135.2991193620473
172,2016-05-01,3253.716563238086,-2706.497020480188,1842.3489568408318,3253.716563238086,3253.716563238086,-1.1175518230661179,-1.1175518230661179,-1.1175518230661179,-1.1175518230661179,-1.1175518230661179,-1.1175518230661179,0.0,0.0,0.0,-382.48031374906066
173,2016-06-01,3272.167794034568,-53.47310676328739,4609.92811172469,3272.167794034568,3272.167794034568,-0.29516175747084483,-0.29516175747084483,-0.29516175747084483,-0.29516175747084483,-0.29516175747084483,-0.29516175747084483,0.0,0.0,0.0,2306.3489972078273
174,2016-07-01,3290.0238238376146,433.1215808317684,4938.223367356584,3290.0238238376146,3290.0238238376146,-0.16067003991085738,-0.16067003991085738,-0.16067003991085738,-0.16067003991085738,-0.16067003991085738,-0.16067003991085738,0.0,0.0,0.0,2761.4155647539533
175,2016-08-01,3308.4750546340965,1310.4365282524507,5847.397664533879,3308.4750546340965,3308.4750546340965,0.055511496501067736,0.055511496501067736,0.055511496501067736,0.055511496501067736,0.055511496501067736,0.055511496501067736,0.0,0.0,0.0,3492.133456053287
176,2016-09-01,3326.9262854305784,4493.319039523215,9037.634069034286,3326.9262854305784,3326.9262854305784,1.0041685257609607,1.0041685257609607,1.0041685257609607,1.0041685257609607,1.0041685257609607,1.0041685257609607,0.0,0.0,0.0,6667.720948786792
177,2016-10-01,3344.782315233625,555.28472896093,5164.076282286596,3344.782315233625,3344.782315233625,-0.14283415142218983,-0.14283415142218983,-0.14283415142218983,-0.14283415142218983,-0.14283415142218983,-0.14283415142218983,0.0,0.0,0.0,2867.033171545283
178,2016-11-01,3363.2335460301074,511.19425321417793,5155.454403052603,3363.2335460301074,3363.2335460301074,-0.1559886029052507,-0.1559886029052507,-0.1559886029052507,-0.1559886029052507,-0.1559886029052507,-0.1559886029052507,0.0,0.0,0.0,2838.6074439407985
179,2016-12-01,3381.089575833154,690.8204323193453,5393.403396182085,3381.089575833154,3381.089575833154,-0.1026845624303489,-0.1026845624303489,-0.1026845624303489,-0.1026845624303489,-0.1026845624303489,-0.1026845624303489,0.0,0.0,0.0,3033.9038722009122
180,2017-01-01,3399.540806629636,1231.4317715300704,5828.616502025087,3399.540806629636,3399.540806629636,0.030082444299732326,0.030082444299732326,0.030082444299732326,0.030082444299732326,0.030082444299732326,0.030082444299732326,0.0,0.0,0.0,3501.8073035897387
181,2017-02-01,3418.1579388815903,4933.1698603148025,9602.40973163838,3418.1579388815903,3418.1579388815903,1.1430234291983825,1.1430234291983825,1.1430234291983825,1.1430234291983825,1.1430234291983825,1.1430234291983825,0.0,0.0,0.0,7325.192547723701
182,2017-03-01,3434.973413173678,2211.1424980521715,6888.224870893112,3434.973413173678,3434.973413173678,0.3065726347679929,0.3065726347679929,0.3065726347679929,0.3065726347679929,0.3065726347679929,0.3065726347679929,0.0,0.0,0.0,4488.042262808338
183,2017-04-01,3453.5905454256326,-1130.905803817425,3442.461254601614,3453.5905454256326,3453.5905454256326,-0.6589189496775412,-0.6589189496775412,-0.6589189496775412,-0.6589189496775412,-0.6589189496775412,-0.6589189496775412,0.0,0.0,0.0,1177.9542906174881
184,2017-05-01,3471.607125024298,-2789.487602654774,1934.8452852314706,3471.607125024298,3471.607125024298,-1.115985637547594,-1.115985637547594,-1.115985637547594,-1.115985637547594,-1.115985637547594,-1.115985637547594,0.0,0.0,0.0,-402.65656571071327
185,2017-06-01,3490.224257276252,307.5220843929986,4608.626385565892,3490.224257276252,3490.224257276252,-0.2868151779094022,-0.2868151779094022,-0.2868151779094022,-0.2868151779094022,-0.2868151779094022,-0.2868151779094022,0.0,0.0,0.0,2489.174965981853
186,2017-07-01,3508.2408368749184,650.729060693195,5230.857843924135,3508.2408368749184,3508.2408368749184,-0.15660282181856133,-0.15660282181856133,-0.15660282181856133,-0.15660282181856133,-0.15660282181856133,-0.15660282181856133,0.0,0.0,0.0,2958.840422201195
187,2017-08-01,3526.8579691268724,1403.2250515113706,6080.182807817916,3526.8579691268724,3526.8579691268724,0.06030590195185698,0.06030590195185698,0.06030590195185698,0.06030590195185698,0.06030590195185698,0.06030590195185698,0.0,0.0,0.0,3739.548320011163
188,2017-09-01,3545.4752125674663,4585.51708560933,9211.66079521348,3545.4752125674663,3545.4752125674663,0.9986689227118848,0.9986689227118848,0.9986689227118848,0.9986689227118848,0.9986689227118848,0.9986689227118848,0.0,0.0,0.0,7086.231123603909
189,2017-10-01,3563.4918997680406,682.8086671321865,5314.712067760022,3563.4918997680406,3563.4918997680406,-0.15688993046560074,-0.15688993046560074,-0.15688993046560074,-0.15688993046560074,-0.15688993046560074,-0.15688993046560074,0.0,0.0,0.0,3004.415903398701
190,2017-11-01,3582.109143208634,779.2430920013057,5252.915340812125,3582.109143208634,3582.109143208634,-0.16018807736960194,-0.16018807736960194,-0.16018807736960194,-0.16018807736960194,-0.16018807736960194,-0.16018807736960194,0.0,0.0,0.0,3008.2979666299707
191,2017-12-01,3600.125830409209,907.7652063401632,5583.024805580917,3600.125830409209,3600.125830409209,-0.09682197270177112,-0.09682197270177112,-0.09682197270177112,-0.09682197270177112,-0.09682197270177112,-0.09682197270177112,0.0,0.0,0.0,3251.554545534387
192,2018-01-01,3618.7430738498024,1447.9684128687018,6127.2810781802145,3618.7430738498024,3618.7430738498024,0.04379879659997497,0.04379879659997497,0.04379879659997497,0.04379879659997497,0.04379879659997497,0.04379879659997497,0.0,0.0,0.0,3777.2396656889177
193,2018-02-01,3637.3603172903954,5519.82541621633,10092.271017796,3637.3603172903954,3637.3603172903954,1.1515469230191988,1.1515469230191988,1.1515469230191988,1.1515469230191988,1.1515469230191988,1.1515469230191988,0.0,0.0,0.0,7825.951398578286
194,2018-03-01,3654.1758920109314,2467.0033614980002,6950.61906916168,3654.1758920109314,3654.1758920109314,0.2980291957483394,0.2980291957483394,0.2980291957483394,0.2980291957483394,0.2980291957483394,0.2980291957483394,0.0,0.0,0.0,4743.22699422992
195,2018-04-01,3672.793135451525,-974.8988419163107,3416.5052676131572,3672.793135451525,3672.793135451525,-0.6683121010140715,-0.6683121010140715,-0.6683121010140715,-0.6683121010140715,-0.6683121010140715,-0.6683121010140715,0.0,0.0,0.0,1218.2210385078572
196,2018-05-01,3690.8098226520992,-2608.750351350844,1881.9950598503124,3690.8098226520992,3690.8098226520992,-1.1137186541118924,-1.1137186541118924,-1.1137186541118924,-1.1137186541118924,-1.1137186541118924,-1.1137186541118924,0.0,0.0,0.0,-419.71392561494906
197,2018-06-01,3709.427066092693,493.98839656020874,5004.009965146007,3709.427066092693,3709.427066092693,-0.2784001573313112,-0.2784001573313112,-0.2784001573313112,-0.2784001573313112,-0.2784001573313112,-0.2784001573313112,0.0,0.0,0.0,2676.7219872834635
198,2018-07-01,3727.4437532932675,830.6590634646715,5584.119891401768,3727.4437532932675,3727.4437532932675,-0.15264743659579702,-0.15264743659579702,-0.15264743659579702,-0.15264743659579702,-0.15264743659579702,-0.15264743659579702,0.0,0.0,0.0,3158.4590192980336
199,2018-08-01,3746.060996733861,1893.4264633114967,6243.784509672092,3746.060996733861,3746.060996733861,0.0648504756632387,0.0648504756632387,0.0648504756632387,0.0648504756632387,0.0648504756632387,0.0648504756632387,0.0,0.0,0.0,3988.994834235558
200,2018-09-01,3764.678240174455,5333.039156531924,9860.724249729012,3764.678240174455,3764.678240174455,0.9923645189959798,0.9923645189959798,0.9923645189959798,0.9923645189959798,0.9923645189959798,0.9923645189959798,0.0,0.0,0.0,7500.61135115981
201,2018-10-01,3782.6949273750283,813.161460132994,5423.387672438889,3782.6949273750283,3782.6949273750283,-0.1706627939814236,-0.1706627939814236,-0.1706627939814236,-0.1706627939814236,-0.1706627939814236,-0.1706627939814236,0.0,0.0,0.0,3137.1296422898477
202,2018-11-01,3801.3121708156223,979.5171871900059,5453.953881256067,3801.3121708156223,3801.3121708156223,-0.16388910586812339,-0.16388910586812339,-0.16388910586812339,-0.16388910586812339,-0.16388910586812339,-0.16388910586812339,0.0,0.0,0.0,3178.318518015035
203,2018-12-01,3819.3288580161966,1293.9142636792649,5867.843981037629,3819.3288580161966,3819.3288580161966,-0.09052181554489963,-0.09052181554489963,-0.09052181554489963,-0.09052181554489963,-0.09052181554489963,-0.09052181554489963,0.0,0.0,0.0,3473.596275625542
204,2019-01-01,3837.94610145679,1576.6943857135643,6515.261785797083,3837.94610145679,3837.94610145679,0.05766145680965151,0.05766145680965151,0.05766145680965151,0.05766145680965151,0.05766145680965151,0.05766145680965151,0.0,0.0,0.0,4059.2476648237107
205,2019-02-01,3856.563344897384,6139.979501914065,10572.713346006001,3856.563344897384,3856.563344897384,1.159234312111557,1.159234312111557,1.159234312111557,1.159234312111557,1.159234312111557,1.159234312111557,0.0,0.0,0.0,8327.223901134148
206,2019-03-01,3873.37891961792,2667.4285475777865,7336.247470595104,3873.37891961792,3873.37891961792,0.289207469125512,0.289207469125512,0.289207469125512,0.289207469125512,0.289207469125512,0.289207469125512,0.0,0.0,0.0,4993.589033924729
207,2019-04-01,3891.996163058513,-1019.617427124054,3701.436462728491,3891.996163058513,3891.996163058513,-0.677340003458925,-0.677340003458925,-0.677340003458925,-0.677340003458925,-0.677340003458925,-0.677340003458925,0.0,0.0,0.0,1255.7914685103372
208,2019-05-01,3910.012850259088,-2699.7923306676144,1844.645251062567,3910.012850259088,3910.012850259088,-1.1107557150160305,-1.1107557150160305,-1.1107557150160305,-1.1107557150160305,-1.1107557150160305,-1.1107557150160305,0.0,0.0,0.0,-433.05626895231285
209,2019-06-01,3928.630093699681,499.721932262332,5048.645884238113,3928.630093699681,3928.630093699681,-0.26993563240297797,-0.26993563240297797,-0.26993563240297797,-0.26993563240297797,-0.26993563240297797,-0.26993563240297797,0.0,0.0,0.0,2868.1528448794866
210,2019-07-01,3946.646780900255,1003.7197904950536,5734.272319291526,3946.646780900255,3946.646780900255,-0.14881655277144473,-0.14881655277144473,-0.14881655277144473,-0.14881655277144473,-0.14881655277144473,-0.14881655277144473,0.0,0.0,0.0,3359.32041196016
211,2019-08-01,3965.264024340849,1945.3321720991771,6596.695686241863,3965.264024340849,3965.264024340849,0.06913329017847267,0.06913329017847267,0.06913329017847267,0.06913329017847267,0.06913329017847267,0.06913329017847267,0.0,0.0,0.0,4239.3957727698635
212,2019-09-01,3983.8812677814426,5619.70388435211,10259.099622584352,3983.8812677814426,3983.8812677814426,0.9852676050209855,0.9852676050209855,0.9852676050209855,0.9852676050209855,0.9852676050209855,0.9852676050209855,0.0,0.0,0.0,7909.070423176433
213,2019-10-01,4001.897954982017,868.1125743521185,5716.455417918415,4001.897954982017,4001.897954982017,-0.1841246989384986,-0.1841246989384986,-0.1841246989384986,-0.1841246989384986,-0.1841246989384986,-0.1841246989384986,0.0,0.0,0.0,3265.0496988383597
214,2019-11-01,4020.515198422611,1141.798550343891,5762.223871384267,4020.515198422611,4020.515198422611,-0.16708406304289902,-0.16708406304289902,-0.16708406304289902,-0.16708406304289902,-0.16708406304289902,-0.16708406304289902,0.0,0.0,0.0,3348.751183544434
215,2019-12-01,4038.5318856231847,1304.286606449794,5853.212468068571,4038.5318856231847,4038.5318856231847,-0.08379794886436706,-0.08379794886436706,-0.08379794886436706,-0.08379794886436706,-0.08379794886436706,-0.08379794886436706,0.0,0.0,0.0,3700.111197184617
216,2020-01-01,4057.1491290637787,2065.606635502512,6706.793995738539,4057.1491290637787,4057.1491290637787,0.07164094503466213,0.07164094503466213,0.07164094503466213,0.07164094503466213,0.07164094503466213,0.07164094503466213,0.0,0.0,0.0,4347.807126816465
217,2020-02-01,4075.7663725043717,6727.9180198947315,11098.449427653677,4075.7663725043717,4075.7663725043717,1.166071532953723,1.166071532953723,1.166071532953723,1.166071532953723,1.166071532953723,1.166071532953723,0.0,0.0,0.0,8828.40151445178
218,2020-03-01,4093.182503464927,3144.7505357204864,7594.912142316174,4093.182503464927,4093.182503464927,0.3148115777468733,0.3148115777468733,0.3148115777468733,0.3148115777468733,0.3148115777468733,0.3148115777468733,0.0,0.0,0.0,5381.763745386616
219,2020-04-01,4111.799746905521,-896.7836391516763,3762.2046729646963,4111.799746905521,4111.799746905521,-0.6491848302577631,-0.6491848302577631,-0.6491848302577631,-0.6491848302577631,-0.6491848302577631,-0.6491848302577631,0.0,0.0,0.0,1442.481726156747
220,2020-05-01,4129.816434106095,-2824.576642224139,1875.548196910836,4129.816434106095,4129.816434106095,-1.1175518230661345,-1.1175518230661345,-1.1175518230661345,-1.1175518230661345,-1.1175518230661345,-1.1175518230661345,0.0,0.0,0.0,-485.4674507576543
221,2020-06-01,4148.433677546688,731.4825510346963,5174.991801417531,4148.433677546688,4148.433677546688,-0.29516175747077966,-0.29516175747077966,-0.29516175747077966,-0.29516175747077966,-0.29516175747077966,-0.29516175747077966,0.0,0.0,0.0,2923.974702531038
222,2020-07-01,4166.450364747263,1104.4085162625151,5884.554872748154,4166.450364747263,4166.450364747263,-0.16067003991073553,-0.16067003991073553,-0.16067003991073553,-0.16067003991073553,-0.16067003991073553,-0.16067003991073553,0.0,0.0,0.0,3497.0266183572217
223,2020-08-01,4185.067608187856,2220.1509002690814,6695.840060727878,4185.067608187856,4185.067608187856,0.05551149650108847,0.05551149650108847,0.05551149650108847,0.05551149650108847,0.05551149650108847,0.05551149650108847,0.0,0.0,0.0,4417.386974076596
224,2020-09-01,4203.684851628451,6225.01479634888,10809.945739399122,4203.684851628451,4203.684851628451,1.0041685257609905,1.0041685257609905,1.0041685257609905,1.0041685257609905,1.0041685257609905,1.0041685257609905,0.0,0.0,0.0,8424.892871852
225,2020-10-01,4221.701538829025,1375.9984332713007,5791.859267035697,4221.701538829025,4221.701538829025,-0.1428341514223108,-0.1428341514223108,-0.1428341514223108,-0.1428341514223108,-0.1428341514223108,-0.1428341514223108,0.0,0.0,0.0,3618.698381972117
226,2020-11-01,4240.318782269617,1197.6743052299737,5782.066431928178,4240.318782269617,4240.318782269617,-0.15598860290533395,-0.15598860290533395,-0.15598860290533395,-0.15598860290533395,-0.15598860290533395,-0.15598860290533395,0.0,0.0,0.0,3578.877379550133
227,2020-12-01,4258.335469470193,1570.7046303124782,6201.385823457983,4258.335469470193,4258.335469470193,-0.10268456243039203,-0.10268456243039203,-0.10268456243039203,-0.10268456243039203,-0.10268456243039203,-0.10268456243039203,0.0,0.0,0.0,3821.0701551058282
228,2021-01-01,4276.9527129107855,1924.4919880070165,6550.811993412353,4276.9527129107855,4276.9527129107855,0.030082444299863217,0.030082444299863217,0.030082444299863217,0.030082444299863217,0.030082444299863217,0.030082444299863217,0.0,0.0,0.0,4405.613904670074
229,2021-02-01,4295.569956351379,6902.865299852079,11459.197375549953,4295.569956351379,4295.569956351379,1.1430234291984704,1.1430234291984704,1.1430234291984704,1.1430234291984704,1.1430234291984704,1.1430234291984704,0.0,0.0,0.0,9205.507058222056
230,2021-03-01,4312.3855310719155,3224.220045413984,7913.093204318468,4312.3855310719155,4312.3855310719155,0.30657263476794994,0.30657263476794994,0.30657263476794994,0.30657263476794994,0.30657263476794994,0.30657263476794994,0.0,0.0,0.0,5634.4449254678175
231,2021-04-01,4331.002774512509,-813.4332374528731,3815.674586161926,4331.002774512509,4331.002774512509,-0.6589189496773848,-0.6589189496773848,-0.6589189496773848,-0.6589189496773848,-0.6589189496773848,-0.6589189496773848,0.0,0.0,0.0,1477.2229752808869
232,2021-05-01,4349.019461713083,-2783.4019846709857,1870.9608844343643,4349.019461713083,4349.019461713083,-1.1159856375476582,-1.1159856375476582,-1.1159856375476582,-1.1159856375476582,-1.1159856375476582,-1.1159856375476582,0.0,0.0,0.0,-504.4237949739653
233,2021-06-01,4367.636705153676,919.3704917172075,5256.912857682403,4367.636705153676,4367.636705153676,-0.2868151779092759,-0.2868151779092759,-0.2868151779092759,-0.2868151779092759,-0.2868151779092759,-0.2868151779092759,0.0,0.0,0.0,3114.9322065219408
234,2021-07-01,4385.653392354251,1530.2886769958357,6226.981742751591,4385.653392354251,4385.653392354251,-0.1566028218186773,-0.1566028218186773,-0.1566028218186773,-0.1566028218186773,-0.1566028218186773,-0.1566028218186773,0.0,0.0,0.0,3698.847695592921
235,2021-07-31,4403.670079554826,2569.557701440097,7084.168544679575,4403.670079554826,4403.670079554826,0.07686946100633371,0.07686946100633371,0.07686946100633371,0.07686946100633371,0.07686946100633371,0.07686946100633371,0.0,0.0,0.0,4742.177825019924
236,2021-08-31,4422.287322995418,6155.896759402102,10880.463837922127,4422.287322995418,4422.287322995418,0.968750899696387,0.968750899696387,0.968750899696387,0.968750899696387,0.968750899696387,0.968750899696387,0.0,0.0,0.0,8706.382145863157
237,2021-09-30,4440.304010195994,1187.1755954620226,5686.189597548759,4440.282644168106,4440.330549249428,-0.21000530443442916,-0.21000530443442916,-0.21000530443442916,-0.21000530443442916,-0.21000530443442916,-0.21000530443442916,0.0,0.0,0.0,3507.8166147533675
238,2021-10-31,4458.921253636587,1289.3798523685462,6015.699345659866,4458.8716300977085,4458.985209534931,-0.1719302184624188,-0.1719302184624188,-0.1719302184624188,-0.1719302184624188,-0.1719302184624188,-0.1719302184624188,0.0,0.0,0.0,3692.2979483921263
239,2021-11-30,4476.9379408371615,1814.1818136110473,6415.013156772537,4476.833640609969,4477.054026933257,-0.06913858269120163,-0.06913858269120163,-0.06913858269120163,-0.06913858269120163,-0.06913858269120163,-0.06913858269120163,0.0,0.0,0.0,4167.4087968112135
240,2021-12-31,4495.555184277755,2558.471586368322,7055.915130179543,4495.403220352969,4495.71709221999,0.09983251046999148,0.09983251046999148,0.09983251046999148,0.09983251046999148,0.09983251046999148,0.09983251046999148,0.0,0.0,0.0,4944.357744280589
241,2022-01-31,4514.172427718348,7608.306456645743,12165.38539602555,4513.945070281398,4514.410346689225,1.1771456263168,1.1771456263168,1.1771456263168,1.1771456263168,1.1771456263168,1.1771456263168,0.0,0.0,0.0,9828.010757446893
242,2022-02-28,4530.988002438884,3440.211930651775,8050.1024882811,4530.69376338735,4531.310110696998,0.2613426473379268,0.2613426473379268,0.2613426473379268,0.2613426473379268,0.2613426473379268,0.2613426473379268,0.0,0.0,0.0,5715.128402052646
243,2022-03-31,4549.605245879478,-824.6001423907605,3840.087105545295,4549.222759794912,4550.0001916159235,-0.7019988444702012,-0.7019988444702012,-0.7019988444702012,-0.7019988444702012,-0.7019988444702012,-0.7019988444702012,0.0,0.0,0.0,1355.787620476519
244,2022-04-30,4567.621933080052,-2761.160934488161,1867.4505820561874,4567.159704020451,4568.095746198428,-1.097756335494806,-1.097756335494806,-1.097756335494806,-1.097756335494806,-1.097756335494806,-1.097756335494806,0.0,0.0,0.0,-446.5139821036074
245,2022-05-31,4586.239176520646,1345.0682783447553,5782.911170296675,4585.687714070367,4586.815057412383,-0.24443868377462397,-0.24443868377462397,-0.24443868377462397,-0.24443868377462397,-0.24443868377462397,-0.24443868377462397,0.0,0.0,0.0,3465.184908736324
246,2022-06-30,4604.25586372122,1500.7472480688623,6187.567355389882,4603.638833998201,4604.926762670201,-0.13819309553748443,-0.13819309553748443,-0.13819309553748443,-0.13819309553748443,-0.13819309553748443,-0.13819309553748443,0.0,0.0,0.0,3967.9794932669706
247,2022-07-31,4622.873107161813,2895.3906748207287,7222.978324379175,4622.136663642635,4623.635576587693,0.08030254101200088,0.08030254101200088,0.08030254101200088,0.08030254101200088,0.08030254101200088,0.08030254101200088,0.0,0.0,0.0,4994.101564442951
248,2022-08-31,4641.4903506024075,6733.943760995765,11417.363961751635,4640.662787813609,4642.371168768057,0.959361102004636,0.959361102004636,0.959361102004636,0.959361102004636,0.959361102004636,0.959361102004636,0.0,0.0,0.0,9094.355648300218
249,2022-09-30,4659.507037802981,1381.3480426506435,5852.545582062765,4658.5768247936285,4660.4789176924705,-0.22236990969061174,-0.22236990969061174,-0.22236990969061174,-0.22236990969061174,-0.22236990969061174,-0.22236990969061174,0.0,0.0,0.0,3623.3728786039624
250,2022-10-31,4678.124281243576,1537.2475044615564,6296.67778241615,4677.036146367023,4679.2083284763285,-0.17357116382223717,-0.17357116382223717,-0.17357116382223717,-0.17357116382223717,-0.17357116382223717,-0.17357116382223717,0.0,0.0,0.0,3866.1368052430616
251,2022-11-30,4696.14096844415,2246.5308375879254,6762.692607392437,4694.929079620699,4697.354599388995,-0.06123477217943113,-0.06123477217943113,-0.06123477217943113,-0.06123477217943113,-0.06123477217943113,-0.06123477217943113,0.0,0.0,0.0,4408.573846118979
